name,bus,capital_cost,carrier,efficiency,marginal_cost ,p_nom,p_nom_extendable,p_nom_max,weight,control 
HiepHoa thermal,HiepHoa,400,thermal,0.39,3,228,TRUE,inf,,PQ
HiepHoa solar,HiepHoa,600,solar,1,0.01,60,TRUE,122248.5859,19014.69576,PQ
HiepHoa wind,HiepHoa,1182,wind,1,0.015,0,TRUE,19444.76093,5200.39295,PQ
HiepHoa hydro,HiepHoa,2000,hydro,1,0,1000,TRUE,inf,5200.39295,PQ
LaiChauH thermal,LaiChauH,400,thermal,0.39,3,0,TRUE,inf,,PQ
LaiChauH solar,LaiChauH,600,solar,1,0.01,60,TRUE,122248.5859,19014.69576,PQ
LaiChauH wind,LaiChauH,1182,wind,1,0.015,0,TRUE,19444.76093,5200.39295,PQ
LaiChauH hydro,LaiChauH,2000,hydro,1,0,1500,TRUE,inf,5200.39295,PQ
DongAnh thermal,DongAnh,400,thermal,0.39,3,0,TRUE,inf,,PQ
DongAnh solar,DongAnh,600,solar,1,0.01,60,TRUE,122248.5859,19014.69576,PQ
DongAnh wind,DongAnh,1182,wind,1,0.015,0,TRUE,19444.76093,5200.39295,PQ
DongAnh hydro,DongAnh,2000,hydro,1,0,0,TRUE,inf,5200.39295,PQ
SonLa thermal,SonLa,400,thermal,0.39,3,0,TRUE,inf,,PQ
SonLa solar,SonLa,600,solar,1,0.01,60,TRUE,122248.5859,19014.69576,PQ
SonLa wind,SonLa,1182,wind,1,0.015,0,TRUE,19444.76093,5200.39295,PQ
SonLa hydro,SonLa,2000,hydro,1,0,2634,TRUE,inf,5200.39295,P
SonLaH thermal,SonLaH,400,thermal,0.39,3,0,TRUE,inf,,PQ
SonLaH solar,SonLaH,600,solar,1,0.01,60,TRUE,122248.5859,19014.69576,PQ
SonLaH wind,SonLaH,1182,wind,1,0.015,0,TRUE,19444.76093,5200.39295,PQ
SonLaH hydro,SonLaH,2000,hydro,1,0,2400,TRUE,inf,5200.39295,PQ
MongDuong1 thermal,MongDuong1,400,thermal,0.39,3,2936,TRUE,inf,,PQ
MongDuong1 solar,MongDuong1,600,solar,1,0.01,70,TRUE,122248.5859,19014.69576,PQ
MongDuong1 wind,MongDuong1,1182,wind,1,0.015,0,TRUE,19444.76093,5200.39295,PQ
MongDuong1 hydro,MongDuong1,2000,hydro,1,0,0,TRUE,inf,5200.39295,PQ
MongDuong2 thermal,MongDuong2,400,thermal,0.39,3,1242,TRUE,inf,,PQ
MongDuong2 solar,MongDuong2,600,solar,1,0.01,70,TRUE,122248.5859,19014.69576,PQ
MongDuong2 wind,MongDuong2,1182,wind,1,0.015,0,TRUE,19444.76093,5200.39295,PQ
MongDuong2 hydro,MongDuong2,2000,hydro,1,0,0,TRUE,inf,5200.39295,PQ
QuangNinh thermal,QuangNinh,400,thermal,0.39,3,3240,TRUE,inf,,PQ
QuangNinh solar,QuangNinh,600,solar,1,0.01,80,TRUE,122248.5859,19014.69576,PQ
QuangNinh wind,QuangNinh,1182,wind,1,0.015,0,TRUE,19444.76093,5200.39295,PQ
QuangNinh hydro,QuangNinh,2000,hydro,1,0,0,TRUE,inf,5200.39295,PQ
NghiSon thermal,NghiSon,400,thermal,0.39,3,600,TRUE,inf,,PQ
NghiSon solar,NghiSon,600,solar,1,0.01,90,TRUE,122248.5859,19014.69576,PQ
NghiSon wind,NghiSon,1182,wind,1,0.015,0,TRUE,19444.76093,5200.39295,PQ
NghiSon hydro,NghiSon,2000,hydro,1,0,102,TRUE,inf,5200.39295,PQ
HoaBinh thermal,HoaBinh,400,thermal,0.39,3,0,TRUE,inf,,PQ
HoaBinh solar,HoaBinh,600,solar,1,0.01,80,TRUE,122248.5859,19014.69576,PQ
HoaBinh wind,HoaBinh,1182,wind,1,0.015,0,TRUE,19444.76093,5200.39295,PQ
HoaBinh hydro,HoaBinh,2000,hydro,1,0,2462,TRUE,inf,5200.39295,PQ
ThangLongT thermal,ThangLongT,400,thermal,0.39,3,1230,TRUE,inf,,PQ
ThangLongT solar,ThangLongT,600,solar,1,0.01,70,TRUE,122248.5859,19014.69576,PQ
ThangLongT wind,ThangLongT,1182,wind,1,0.015,0,TRUE,19444.76093,5200.39295,PQ
ThangLongT hydro,ThangLongT,2000,hydro,1,0,0,TRUE,inf,5200.39295,PQ
ThuongTin thermal,ThuongTin,400,thermal,0.39,3,0,TRUE,inf,,PQ
ThuongTin solar,ThuongTin,600,solar,1,0.01,90,TRUE,122248.5859,19014.69576,PQ
ThuongTin wind,ThuongTin,1182,wind,1,0.015,0,TRUE,19444.76093,5200.39295,PQ
ThuongTin hydro,ThuongTin,2000,hydro,1,0,0,TRUE,inf,5200.39295,PQ
PhoNoi thermal,PhoNoi,400,thermal,0.39,3,2760,TRUE,inf,,PQ
PhoNoi solar,PhoNoi,600,solar,1,0.01,90,TRUE,122248.5859,19014.69576,PQ
PhoNoi wind,PhoNoi,1182,wind,1,0.015,0,TRUE,19444.76093,5200.39295,PQ
PhoNoi hydro,PhoNoi,2000,hydro,1,0,0,TRUE,inf,5200.39295,PQ
NhoQuan thermal,NhoQuan,400,thermal,0.39,3,100,TRUE,inf,,PQ
NhoQuan solar,NhoQuan,600,solar,1,0.01,90,TRUE,122248.5859,19014.69576,PQ
NhoQuan wind,NhoQuan,1182,wind,1,0.015,0,TRUE,19444.76093,5200.39295,PQ
NhoQuan hydro,NhoQuan,2000,hydro,1,0,0,TRUE,inf,5200.39295,PQ
HaTinh thermal,HaTinh,400,thermal,0.39,3,1856,TRUE,inf,,PQ
HaTinh solar,HaTinh,600,solar,1,0.01,90,TRUE,122248.5859,19014.69576,PQ
HaTinh wind,HaTinh,1182,wind,1,0.015,0,TRUE,19444.76093,5200.39295,PQ
HaTinh hydro,HaTinh,2000,hydro,1,0,1507,TRUE,inf,5200.39295,PQ
DaNang thermal,DaNang,400,thermal,0.39,3,30,TRUE,inf,,PQ
DaNang solar,DaNang,600,solar,1,0.01,150,TRUE,122248.5859,19014.69576,PQ
DaNang wind,DaNang,1182,wind,1,0.015,0,TRUE,19444.76093,5200.39295,PQ
DaNang hydro,DaNang,2000,hydro,1,0,621,TRUE,inf,5200.39295,PQ
DocSoi thermal,DocSoi,400,thermal,0.39,3,1950,TRUE,inf,,PQ
DocSoi solar,DocSoi,600,solar,1,0.01,250,TRUE,122248.5859,19014.69576,PQ
DocSoi wind,DocSoi,1182,wind,1,0.015,0,TRUE,19444.76093,5200.39295,PQ
DocSoi hydro,DocSoi,2000,hydro,1,0,998,TRUE,inf,5200.39295,PQ
ThanhMy thermal,ThanhMy,400,thermal,0.39,3,0,TRUE,inf,,PQ
ThanhMy solar,ThanhMy,600,solar,1,0.01,50,TRUE,122248.5859,19014.69576,PQ
ThanhMy wind,ThanhMy,1182,wind,1,0.015,0,TRUE,19444.76093,5200.39295,PQ
ThanhMy hydro,ThanhMy,2000,hydro,1,0,1725,TRUE,inf,5200.39295,PQ
Pleiku thermal,Pleiku,400,thermal,0.39,3,100,TRUE,inf,,PQ
Pleiku solar,Pleiku,600,solar,1,0.01,200,TRUE,122248.5859,19014.69576,PQ
Pleiku wind,Pleiku,1182,wind,1,0.015,60,TRUE,19444.76093,5200.39295,PQ
Pleiku hydro,Pleiku,2000,hydro,1,0,2002,TRUE,inf,5200.39295,PQ
Pleiku2 thermal,Pleiku2,400,thermal,0.39,3,0,TRUE,inf,,PQ
Pleiku2 solar,Pleiku2,600,solar,1,0.01,100,TRUE,122248.5859,19014.69576,PQ
Pleiku2 wind,Pleiku2,1182,wind,1,0.015,30,TRUE,19444.76093,5200.39295,PQ
Pleiku2 hydro,Pleiku2,2000,hydro,1,0,1209,TRUE,inf,5200.39295,PQ
Yali thermal,Yali,400,thermal,0.39,3,0,TRUE,inf,,PQ
Yali solar,Yali,600,solar,1,0.01,10,TRUE,122248.5859,19014.69576,PQ
Yali wind,Yali,1182,wind,1,0.015,0,TRUE,19444.76093,5200.39295,PQ
Yali hydro,Yali,2000,hydro,1,0,720,TRUE,inf,5200.39295,PQ
DakNong thermal,DakNong,400,thermal,0.39,3,0,TRUE,inf,,PQ
DakNong solar,DakNong,600,solar,1,0.01,150,TRUE,122248.5859,19014.69576,PQ
DakNong wind,DakNong,1182,wind,1,0.015,28,TRUE,19444.76093,5200.39295,PQ
DakNong hydro,DakNong,2000,hydro,1,0,1678,TRUE,inf,5200.39295,PQ
DiLinh thermal,DiLinh,400,thermal,0.39,3,0,TRUE,inf,,PQ
DiLinh solar,DiLinh,600,solar,1,0.01,500,TRUE,122248.5859,19014.69576,PQ
DiLinh wind,DiLinh,1182,wind,1,0.015,30,TRUE,19444.76093,5200.39295,PQ
DiLinh hydro,DiLinh,2000,hydro,1,0,1428,TRUE,inf,5200.39295,PQ
CauBong thermal,CauBong,400,thermal,0.39,3,0,TRUE,inf,,PQ
CauBong solar,CauBong,600,solar,1,0.01,200,TRUE,122248.5859,19014.69576,PQ
CauBong wind,CauBong,1182,wind,1,0.015,0,TRUE,19444.76093,5200.39295,PQ
CauBong hydro,CauBong,2000,hydro,1,0,0,TRUE,inf,5200.39295,PQ
TanDinh thermal,TanDinh,400,thermal,0.39,3,0,TRUE,inf,,PQ
TanDinh solar,TanDinh,600,solar,1,0.01,150,TRUE,122248.5859,19014.69576,PQ
TanDinh wind,TanDinh,1182,wind,1,0.015,0,TRUE,19444.76093,5200.39295,PQ
TanDinh hydro,TanDinh,2000,hydro,1,0,0,TRUE,inf,5200.39295,PQ
SongMay thermal,SongMay,400,thermal,0.39,3,0,TRUE,inf,,PQ
SongMay solar,SongMay,600,solar,1,0.01,150,TRUE,122248.5859,19014.69576,PQ
SongMay wind,SongMay,1182,wind,1,0.015,0,TRUE,19444.76093,5200.39295,PQ
SongMay hydro,SongMay,2000,hydro,1,0,420,TRUE,inf,5200.39295,PQ
VinhTan thermal,VinhTan,400,thermal,0.39,3,4376,TRUE,inf,,PQ
VinhTan solar,VinhTan,600,solar,1,0.01,1600,TRUE,122248.5859,19014.69576,PQ
VinhTan wind,VinhTan,1182,wind,1,0.015,1200,TRUE,19444.76093,5200.39295,PQ
VinhTan hydro,VinhTan,2000,hydro,1,0,0,TRUE,inf,5200.39295,PQ
PhuLam thermal,PhuLam,400,thermal,0.39,3,1334,TRUE,inf,,PQ
PhuLam solar,PhuLam,600,solar,1,0.01,200,TRUE,122248.5859,19014.69576,PQ
PhuLam wind,PhuLam,1182,wind,1,0.015,0,TRUE,19444.76093,5200.39295,PQ
PhuLam hydro,PhuLam,2000,hydro,1,0,0,TRUE,inf,5200.39295,PQ
MyTho thermal,MyTho,400,thermal,0.39,3,1200,TRUE,inf,,PQ
MyTho solar,MyTho,600,solar,1,0.01,50,TRUE,122248.5859,19014.69576,PQ
MyTho wind,MyTho,1182,wind,1,0.015,1250,TRUE,19444.76093,5200.39295,PQ
MyTho hydro,MyTho,2000,hydro,1,0,0,TRUE,inf,5200.39295,PQ
DuyenHai thermal,DuyenHai,400,thermal,0.39,3,4388,TRUE,inf,,PQ
DuyenHai solar,DuyenHai,600,solar,1,0.01,120,TRUE,122248.5859,19014.69576,PQ
DuyenHai wind,DuyenHai,1182,wind,1,0.015,270,TRUE,19444.76093,5200.39295,PQ
DuyenHai hydro,DuyenHai,2000,hydro,1,0,0,TRUE,inf,5200.39295,PQ
ChonThanh thermal,ChonThanh,400,thermal,0.39,3,0,TRUE,inf,,PQ
ChonThanh solar,ChonThanh,600,solar,1,0.01,1500,TRUE,122248.5859,19014.69576,PQ
ChonThanh wind,ChonThanh,1182,wind,1,0.015,0,TRUE,19444.76093,5200.39295,PQ
ChonThanh hydro,ChonThanh,2000,hydro,1,0,357,TRUE,inf,5200.39295,PQ
OMon thermal,OMon,400,thermal,0.39,3,3174,TRUE,inf,,PQ
OMon solar,OMon,600,solar,1,0.01,250,TRUE,122248.5859,19014.69576,PQ
OMon wind,OMon,1182,wind,1,0.015,450,TRUE,19444.76093,5200.39295,PQ
OMon hydro,OMon,2000,hydro,1,0,0,TRUE,inf,5200.39295,PQ
CuChi thermal,CuChi,400,thermal,0.39,3,0,TRUE,inf,,PQ
CuChi solar,CuChi,600,solar,1,0.01,500,TRUE,122248.5859,19014.69576,PQ
CuChi wind,CuChi,1182,wind,1,0.015,0,TRUE,19444.76093,5200.39295,PQ
CuChi hydro,CuChi,2000,hydro,1,0,0,TRUE,inf,5200.39295,PQ
NhaBe thermal,NhaBe,400,thermal,0.39,3,236,TRUE,inf,,PQ
NhaBe solar,NhaBe,600,solar,1,0.01,200,TRUE,122248.5859,19014.69576,PQ
NhaBe wind,NhaBe,1182,wind,1,0.015,0,TRUE,19444.76093,5200.39295,PQ
NhaBe hydro,NhaBe,2000,hydro,1,0,0,TRUE,inf,5200.39295,PQ
PhuMy thermal,PhuMy,400,thermal,0.39,3,4393,TRUE,inf,,PQ
PhuMy solar,PhuMy,600,solar,1,0.01,50,TRUE,122248.5859,19014.69576,PQ
PhuMy wind,PhuMy,1182,wind,1,0.015,0,TRUE,19444.76093,5200.39295,PQ
PhuMy hydro,PhuMy,2000,hydro,1,0,0,TRUE,inf,5200.39295,PQ
LaiChau thermal,LaiChau,400,thermal,0.39,3,0,TRUE,inf,,PQ
LaiChau solar,LaiChau,600,solar,1,0.01,50,TRUE,122248.5859,19014.69576,PQ
LaiChau wind,LaiChau,1182,wind,1,0.015,0,TRUE,19444.76093,5200.39295,PQ
LaiChau hydro,LaiChau,2000,hydro,1,0,500,TRUE,inf,5200.39295,PQ
TayHaNoi thermal,TayHaNoi,400,thermal,0.39,3,0,TRUE,inf,,PQ
TayHaNoi solar,TayHaNoi,600,solar,1,0.01,80,TRUE,122248.5859,19014.69576,PQ
TayHaNoi wind,TayHaNoi,1182,wind,1,0.015,0,TRUE,19444.76093,5200.39295,PQ
TayHaNoi hydro,TayHaNoi,2000,hydro,1,0,0,TRUE,inf,5200.39295,PQ
VietTri thermal,VietTri,400,thermal,0.39,3,0,TRUE,inf,,PQ
VietTri solar,VietTri,600,solar,1,0.01,80,TRUE,122248.5859,19014.69576,PQ
VietTri wind,VietTri,1182,wind,1,0.015,0,TRUE,19444.76093,5200.39295,PQ
VietTri hydro,VietTri,2000,hydro,1,0,948.4,TRUE,inf,5200.39295,PQ
VanPhong thermal,VanPhong,400,thermal,0.39,3,185,TRUE,inf,,PQ
VanPhong solar,VanPhong,600,solar,1,0.01,300,TRUE,122248.5859,19014.69576,PQ
VanPhong wind,VanPhong,1182,wind,1,0.015,30,TRUE,19444.76093,5200.39295,PQ
VanPhong hydro,VanPhong,2000,hydro,1,0,528,TRUE,inf,5200.39295,PQ
CongThanh thermal,CongThanh,400,thermal,0.39,3,600,TRUE,inf,,PQ
CongThanh solar,CongThanh,600,solar,1,0.01,60,TRUE,122248.5859,19014.69576,PQ
CongThanh wind,CongThanh,1182,wind,1,0.015,0,TRUE,19444.76093,5200.39295,PQ
CongThanh hydro,CongThanh,2000,hydro,1,0,0,TRUE,inf,5200.39295,PQ
NamDinh1 thermal,NamDinh1,400,thermal,0.39,3,600,TRUE,inf,,PQ
NamDinh1 solar,NamDinh1,600,solar,1,0.01,90,TRUE,122248.5859,19014.69576,PQ
NamDinh1 wind,NamDinh1,1182,wind,1,0.015,0,TRUE,19444.76093,5200.39295,PQ
NamDinh1 hydro,NamDinh1,2000,hydro,1,0,0,TRUE,inf,5200.39295,PQ
LongPhu thermal,LongPhu,400,thermal,0.39,3,1326,TRUE,inf,,PQ
LongPhu solar,LongPhu,600,solar,1,0.01,90,TRUE,122248.5859,19014.69576,PQ
LongPhu wind,LongPhu,1182,wind,1,0.015,1505,TRUE,19444.76093,5200.39295,PQ
LongPhu hydro,LongPhu,2000,hydro,1,0,0,TRUE,inf,5200.39295,PQ
DucHoa thermal,DucHoa,400,thermal,0.39,3,0,TRUE,inf,,PQ
DucHoa solar,DucHoa,600,solar,1,0.01,150,TRUE,122248.5859,19014.69576,PQ
DucHoa wind,DucHoa,1182,wind,1,0.015,0,TRUE,19444.76093,5200.39295,PQ
DucHoa hydro,DucHoa,2000,hydro,1,0,0,TRUE,inf,5200.39295,PQ
TanUyen thermal,TanUyen,400,thermal,0.39,3,0,TRUE,inf,,PQ
TanUyen solar,TanUyen,600,solar,1,0.01,140,TRUE,122248.5859,19014.69576,PQ
TanUyen wind,TanUyen,1182,wind,1,0.015,0,TRUE,19444.76093,5200.39295,PQ
TanUyen hydro,TanUyen,2000,hydro,1,0,0,TRUE,inf,5200.39295,PQ
LongThanh thermal,LongThanh,400,thermal,0.39,3,450,TRUE,inf,,PQ
LongThanh solar,LongThanh,600,solar,1,0.01,100,TRUE,122248.5859,19014.69576,PQ
LongThanh wind,LongThanh,1182,wind,1,0.015,0,TRUE,19444.76093,5200.39295,PQ
LongThanh hydro,LongThanh,2000,hydro,1,0,0,TRUE,inf,5200.39295,PQ
VungAng thermal,VungAng,400,thermal,0.39,3,650,TRUE,inf,,PQ
VungAng solar,VungAng,600,solar,1,0.01,80,TRUE,122248.5859,19014.69576,PQ
VungAng wind,VungAng,1182,wind,1,0.015,0,TRUE,19444.76093,5200.39295,PQ
VungAng hydro,VungAng,2000,hydro,1,0,0,TRUE,inf,5200.39295,PQ
ThaiBinh thermal,ThaiBinh,400,thermal,0.39,3,600,TRUE,inf,,PQ
ThaiBinh solar,ThaiBinh,600,solar,1,0.01,80,TRUE,122248.5859,19014.69576,PQ
ThaiBinh wind,ThaiBinh,1182,wind,1,0.015,0,TRUE,19444.76093,5200.39295,PQ
ThaiBinh hydro,ThaiBinh,2000,hydro,1,0,0,TRUE,inf,5200.39295,PQ
ThanhHoa thermal,ThanhHoa,400,thermal,0.39,3,600,TRUE,inf,,PQ
ThanhHoa solar,ThanhHoa,600,solar,1,0.01,80,TRUE,122248.5859,19014.69576,PQ
ThanhHoa wind,ThanhHoa,1182,wind,1,0.015,0,TRUE,19444.76093,5200.39295,PQ
ThanhHoa hydro,ThanhHoa,2000,hydro,1,0,72,TRUE,inf,5200.39295,PQ
HaiPhong thermal,HaiPhong,400,thermal,0.39,3,600,TRUE,inf,,PQ
HaiPhong solar,HaiPhong,600,solar,1,0.01,80,TRUE,122248.5859,19014.69576,PQ
HaiPhong wind,HaiPhong,1182,wind,1,0.015,50,TRUE,19444.76093,5200.39295,PQ
HaiPhong hydro,HaiPhong,2000,hydro,1,0,0,TRUE,inf,5200.39295,PQ
HaiPhongT thermal,HaiPhongT,400,thermal,0.39,3,1200,TRUE,inf,,PQ
HaiPhongT solar,HaiPhongT,600,solar,1,0.01,50,TRUE,122248.5859,19014.69576,PQ
HaiPhongT wind,HaiPhongT,1182,wind,1,0.015,0,TRUE,19444.76093,5200.39295,PQ
HaiPhongT hydro,HaiPhongT,2000,hydro,1,0,0,TRUE,inf,5200.39295,P
BacNinh thermal,BacNinh,400,thermal,0.39,3,0,TRUE,inf,,PQ
BacNinh solar,BacNinh,600,solar,1,0.01,70,TRUE,122248.5859,19014.69576,PQ
BacNinh wind,BacNinh,1182,wind,1,0.015,0,TRUE,19444.76093,5200.39295,PQ
BacNinh hydro,BacNinh,2000,hydro,1,0,0,TRUE,inf,5200.39295,PQ
VinhYen thermal,VinhYen,400,thermal,0.39,3,0,TRUE,inf,,PQ
VinhYen solar,VinhYen,600,solar,1,0.01,60,TRUE,122248.5859,19014.69576,PQ
VinhYen wind,VinhYen,1182,wind,1,0.015,0,TRUE,19444.76093,5200.39295,PQ
VinhYen hydro,VinhYen,2000,hydro,1,0,0,TRUE,inf,5200.39295,PQ
VungAng3T thermal,VungAng3T,400,thermal,0.39,3,3600,TRUE,inf,,PQ
VungAng3T solar,VungAng3T,600,solar,1,0.01,60,TRUE,122248.5859,19014.69576,PQ
VungAng3T wind,VungAng3T,1182,wind,1,0.015,0,TRUE,19444.76093,5200.39295,PQ
VungAng3T hydro,VungAng3T,2000,hydro,1,0,0,TRUE,inf,5200.39295,PQ
QuangTrachT thermal,QuangTrachT,400,thermal,0.39,3,2400,TRUE,inf,,PQ
QuangTrachT solar,QuangTrachT,600,solar,1,0.01,150,TRUE,122248.5859,19014.69576,PQ
QuangTrachT wind,QuangTrachT,1182,wind,1,0.015,0,TRUE,19444.76093,5200.39295,PQ
QuangTrachT hydro,QuangTrachT,2000,hydro,1,0,100,TRUE,inf,5200.39295,PQ
QuangTri thermal,QuangTri,400,thermal,0.39,3,0,TRUE,inf,,PQ
QuangTri solar,QuangTri,600,solar,1,0.01,170,TRUE,122248.5859,19014.69576,PQ
QuangTri wind,QuangTri,1182,wind,1,0.015,150,TRUE,19444.76093,5200.39295,PQ
QuangTri hydro,QuangTri,2000,hydro,1,0,200,TRUE,inf,5200.39295,PQ
QuangTriT thermal,QuangTriT,400,thermal,0.39,3,1200,TRUE,inf,,PQ
QuangTriT solar,QuangTriT,600,solar,1,0.01,100,TRUE,122248.5859,19014.69576,PQ
QuangTriT wind,QuangTriT,1182,wind,1,0.015,0,TRUE,19444.76093,5200.39295,PQ
QuangTriT hydro,QuangTriT,2000,hydro,1,0,0,TRUE,inf,5200.39295,PQ
KrongBuk thermal,KrongBuk,400,thermal,0.39,3,0,TRUE,inf,,PQ
KrongBuk solar,KrongBuk,600,solar,1,0.01,150,TRUE,122248.5859,19014.69576,PQ
KrongBuk wind,KrongBuk,1182,wind,1,0.015,0,TRUE,19444.76093,5200.39295,PQ
KrongBuk hydro,KrongBuk,2000,hydro,1,0,800,TRUE,inf,5200.39295,PQ
MienTrungG thermal,MienTrungG,400,thermal,0.39,3,2250,TRUE,inf,,PQ
MienTrungG solar,MienTrungG,600,solar,1,0.01,20,TRUE,122248.5859,19014.69576,PQ
MienTrungG wind,MienTrungG,1182,wind,1,0.015,0,TRUE,19444.76093,5200.39295,PQ
MienTrungG hydro,MienTrungG,2000,hydro,1,0,0,TRUE,inf,5200.39295,PQ
TayNinh1 thermal,TayNinh1,400,thermal,0.39,3,0,TRUE,inf,,PQ
TayNinh1 solar,TayNinh1,600,solar,1,0.01,100,TRUE,122248.5859,19014.69576,PQ
TayNinh1 wind,TayNinh1,1182,wind,1,0.015,0,TRUE,19444.76093,5200.39295,PQ
TayNinh1 hydro,TayNinh1,2000,hydro,1,0,0,TRUE,inf,5200.39295,PQ
BacAi PSH thermal,BacAi PSH,400,thermal,0.39,3,0,TRUE,inf,,PQ
BacAi PSH solar,BacAi PSH,600,solar,1,0.01,50,TRUE,122248.5859,19014.69576,PQ
BacAi PSH wind,BacAi PSH,1182,wind,1,0.015,0,TRUE,19444.76093,5200.39295,PQ
BacAi PSH hydro,BacAi PSH,2000,hydro,1,0,1200,TRUE,inf,5200.39295,PQ
BinhDuong1 thermal,BinhDuong1,400,thermal,0.39,3,0,TRUE,inf,,PQ
BinhDuong1 solar,BinhDuong1,600,solar,1,0.01,100,TRUE,122248.5859,19014.69576,PQ
BinhDuong1 wind,BinhDuong1,1182,wind,1,0.015,0,TRUE,19444.76093,5200.39295,PQ
BinhDuong1 hydro,BinhDuong1,2000,hydro,1,0,0,TRUE,inf,5200.39295,PQ
DongNai2 thermal,DongNai2,400,thermal,0.39,3,0,TRUE,inf,,PQ
DongNai2 solar,DongNai2,600,solar,1,0.01,120,TRUE,122248.5859,19014.69576,PQ
DongNai2 wind,DongNai2,1182,wind,1,0.015,0,TRUE,19444.76093,5200.39295,PQ
DongNai2 hydro,DongNai2,2000,hydro,1,0,0,TRUE,inf,5200.39295,PQ
BacChauDuc thermal,BacChauDuc,400,thermal,0.39,3,2250,TRUE,inf,,PQ
BacChauDuc solar,BacChauDuc,600,solar,1,0.01,120,TRUE,122248.5859,19014.69576,PQ
BacChauDuc wind,BacChauDuc,1182,wind,1,0.015,0,TRUE,19444.76093,5200.39295,PQ
BacChauDuc hydro,BacChauDuc,2000,hydro,1,0,0,TRUE,inf,5200.39295,PQ
SonMyT thermal,SonMyT,400,thermal,0.39,3,2250,TRUE,inf,,PQ
SonMyT solar,SonMyT,600,solar,1,0.01,110,TRUE,122248.5859,19014.69576,PQ
SonMyT wind,SonMyT,1182,wind,1,0.015,0,TRUE,19444.76093,5200.39295,PQ
SonMyT hydro,SonMyT,2000,hydro,1,0,0,TRUE,inf,5200.39295,PQ
LongAn thermal,LongAn,400,thermal,0.39,3,2800,TRUE,inf,,PQ
LongAn solar,LongAn,600,solar,1,0.01,100,TRUE,122248.5859,19014.69576,PQ
LongAn wind,LongAn,1182,wind,1,0.015,0,TRUE,19444.76093,5200.39295,PQ
LongAn hydro,LongAn,2000,hydro,1,0,0,TRUE,inf,5200.39295,PQ
ThotNot thermal,ThotNot,400,thermal,0.39,3,0,TRUE,inf,,PQ
ThotNot solar,ThotNot,600,solar,1,0.01,200,TRUE,122248.5859,19014.69576,PQ
ThotNot wind,ThotNot,1182,wind,1,0.015,0,TRUE,19444.76093,5200.39295,PQ
ThotNot hydro,ThotNot,2000,hydro,1,0,0,TRUE,inf,5200.39295,PQ
NamHaNoi thermal,NamHaNoi,400,thermal,0.39,3,0,TRUE,inf,,PQ
NamHaNoi solar,NamHaNoi,600,solar,1,0.01,80,TRUE,122248.5859,19014.69576,PQ
NamHaNoi wind,NamHaNoi,1182,wind,1,0.015,0,TRUE,19444.76093,5200.39295,PQ
NamHaNoi hydro,NamHaNoi,2000,hydro,1,0,0,TRUE,inf,5200.39295,PQ
SonTay thermal,SonTay,400,thermal,0.39,3,0,TRUE,inf,,PQ
SonTay solar,SonTay,600,solar,1,0.01,80,TRUE,122248.5859,19014.69576,PQ
SonTay wind,SonTay,1182,wind,1,0.015,0,TRUE,19444.76093,5200.39295,PQ
SonTay hydro,SonTay,2000,hydro,1,0,0,TRUE,inf,5200.39295,PQ
DongPhuYen PSH thermal,DongPhuYen PSH,400,thermal,0.39,3,0,TRUE,inf,,PQ
DongPhuYen PSH solar,DongPhuYen PSH,600,solar,1,0.01,30,TRUE,122248.5859,19014.69576,PQ
DongPhuYen PSH wind,DongPhuYen PSH,1182,wind,1,0.015,0,TRUE,19444.76093,5200.39295,PQ
DongPhuYen PSH hydro,DongPhuYen PSH,2000,hydro,1,0,900,TRUE,inf,5200.39295,PQ
LongBien thermal,LongBien,400,thermal,0.39,3,0,TRUE,inf,,PQ
LongBien solar,LongBien,600,solar,1,0.01,70,TRUE,122248.5859,19014.69576,PQ
LongBien wind,LongBien,1182,wind,1,0.015,0,TRUE,19444.76093,5200.39295,PQ
LongBien hydro,LongBien,2000,hydro,1,0,0,TRUE,inf,5200.39295,PQ
ThaiNguyen thermal,ThaiNguyen,400,thermal,0.39,3,0,TRUE,inf,,PQ
ThaiNguyen solar,ThaiNguyen,600,solar,1,0.01,80,TRUE,122248.5859,19014.69576,PQ
ThaiNguyen wind,ThaiNguyen,1182,wind,1,0.015,200,TRUE,19444.76093,5200.39295,PQ
ThaiNguyen hydro,ThaiNguyen,2000,hydro,1,0,0,TRUE,inf,5200.39295,PQ
BacGiang thermal,BacGiang,400,thermal,0.39,3,100,TRUE,inf,,PQ
BacGiang solar,BacGiang,600,solar,1,0.01,40,TRUE,122248.5859,19014.69576,PQ
BacGiang wind,BacGiang,1182,wind,1,0.015,0,TRUE,19444.76093,5200.39295,PQ
BacGiang hydro,BacGiang,2000,hydro,1,0,0,TRUE,inf,5200.39295,PQ
QuynhLapT thermal,QuynhLapT,400,thermal,0.39,3,2400,TRUE,inf,,PQ
QuynhLapT solar,QuynhLapT,600,solar,1,0.01,80,TRUE,122248.5859,19014.69576,PQ
QuynhLapT wind,QuynhLapT,1182,wind,1,0.015,50,TRUE,19444.76093,5200.39295,PQ
QuynhLapT hydro,QuynhLapT,2000,hydro,1,0,60,TRUE,inf,5200.39295,PQ
BinhDinh thermal,BinhDinh,400,thermal,0.39,3,0,TRUE,inf,,PQ
BinhDinh solar,BinhDinh,600,solar,1,0.01,200,TRUE,122248.5859,19014.69576,PQ
BinhDinh wind,BinhDinh,1182,wind,1,0.015,252,TRUE,19444.76093,5200.39295,PQ
BinhDinh hydro,BinhDinh,2000,hydro,1,0,200,TRUE,inf,5200.39295,PQ
DonDuong PSH thermal,DonDuong PSH,400,thermal,0.39,3,0,TRUE,inf,,PQ
DonDuong PSH solar,DonDuong PSH,600,solar,1,0.01,100,TRUE,122248.5859,19014.69576,PQ
DonDuong PSH wind,DonDuong PSH,1182,wind,1,0.015,0,TRUE,19444.76093,5200.39295,PQ
DonDuong PSH hydro,DonDuong PSH,2000,hydro,1,0,300,TRUE,inf,5200.39295,PQ
TayNinh2 thermal,TayNinh2,400,thermal,0.39,3,0,TRUE,inf,,PQ
TayNinh2 solar,TayNinh2,600,solar,1,0.01,200,TRUE,122248.5859,19014.69576,PQ
TayNinh2 wind,TayNinh2,1182,wind,1,0.015,0,TRUE,19444.76093,5200.39295,PQ
TayNinh2 hydro,TayNinh2,2000,hydro,1,0,0,TRUE,inf,5200.39295,PQ
TienGiang thermal,TienGiang,400,thermal,0.39,3,2400,TRUE,inf,,PQ
TienGiang solar,TienGiang,600,solar,1,0.01,110,TRUE,122248.5859,19014.69576,PQ
TienGiang wind,TienGiang,1182,wind,1,0.015,45,TRUE,19444.76093,5200.39295,PQ
TienGiang hydro,TienGiang,2000,hydro,1,0,0,TRUE,inf,5200.39295,PQ
DongThap thermal,DongThap,400,thermal,0.39,3,750,TRUE,inf,,PQ
DongThap solar,DongThap,600,solar,1,0.01,100,TRUE,122248.5859,19014.69576,PQ
DongThap wind,DongThap,1182,wind,1,0.015,0,TRUE,19444.76093,5200.39295,PQ
DongThap hydro,DongThap,2000,hydro,1,0,0,TRUE,inf,5200.39295,PQ
BacLieu thermal,BacLieu,400,thermal,0.39,3,1200,TRUE,inf,,PQ
BacLieu solar,BacLieu,600,solar,1,0.01,140,TRUE,122248.5859,19014.69576,PQ
BacLieu wind,BacLieu,1182,wind,1,0.015,400,TRUE,19444.76093,5200.39295,PQ
BacLieu hydro,BacLieu,2000,hydro,1,0,0,TRUE,inf,5200.39295,PQ
